review,source,date
"The mobile app is quick and easy to use. Checking my balance takes seconds.",Mobile app,2026-10-06
"My loan application was approved quickly and the advisor explained every step.",Branch,2026-10-06
"The service fee was clearly explained before I opened the account.",Website,2026-10-05
"Customer support resolved my card issue on the first call. Very helpful agent.",Phone support,2026-10-05
"The app keeps crashing when I try to make a payment.",Mobile app,2026-10-05
"I have waited two weeks for an update on my personal loan application.",Email,2026-10-04
"The international transfer charge was much higher than expected.",Mobile app,2026-10-04
"Branch staff were friendly and helped me set up online banking.",Branch,2026-10-04
"My debit card arrived on time and activation was simple.",Mail,2026-10-03
"I was charged an unexpected monthly account fee.",Statement,2026-10-03
"The mortgage advisor answered all my questions clearly.",Branch,2026-10-03
"The new app layout is clean, but the login screen is confusing.",Mobile app,2026-10-02
"My bill payment went through instantly and the notification arrived right away.",Mobile app,2026-10-02
"I called three times about my loan and still have no clear answer.",Phone support,2026-10-02
"There is a long queue at the branch every time I visit.",Branch,2026-10-01
"The savings account interest rate is competitive and easy to understand.",Website,2026-10-01
"I cannot download my monthly statement from the website.",Website,2026-10-01
"The support representative was patient and fixed my login problem.",Phone support,2026-09-30
"My card was blocked without warning while I was travelling.",Mobile app,2026-09-30
"The loan repayment schedule is clear and the monthly payment is manageable.",Email,2026-09-29
"I was charged twice for one transaction and the refund is taking too long.",Mobile app,2026-09-29
"The ATM near my office is reliable and usually has cash.",ATM,2026-09-28
"The app is fine for checking balances. I do not use many other features.",Mobile app,2026-09-28
"The overdraft fee feels unfair and nobody told me about it.",Statement,2026-09-27
"Opening a business account was straightforward and the branch team was excellent.",Branch,2026-09-27
"My loan documents were lost and I had to submit everything again.",Email,2026-09-26
"The contactless card works well and payments are fast.",In store,2026-09-26
"I have been on hold for 40 minutes just to speak to customer service.",Phone support,2026-09-25
"The online banking website is easy to navigate and feels secure.",Website,2026-09-25
"The transfer is still pending after three business days.",Mobile app,2026-09-24
"The staff explained the account options without pressuring me.",Branch,2026-09-24
"There are too many steps to reset my password in the mobile app.",Mobile app,2026-09-23
"The personal loan rate was fair and the approval process was transparent.",Branch,2026-09-23
"My account was locked and support took a full day to respond.",Email,2026-09-22
"The app notifications help me keep track of every card purchase.",Mobile app,2026-09-22
"A cash withdrawal failed but the amount was still deducted from my account.",ATM,2026-09-21
"The branch is clean, accessible, and the teller helped me quickly.",Branch,2026-09-21
"The annual card fee is too high for the benefits included.",Statement,2026-09-20
"My mortgage payment posted correctly and the confirmation was immediate.",Website,2026-09-20
"I received clear updates throughout the car loan process.",Email,2026-09-19
"The mobile deposit feature saves me a trip to the branch.",Mobile app,2026-09-19
"Customer care transferred me between departments and nobody solved the problem.",Phone support,2026-09-18
"The replacement card came in two days and worked straight away.",Mail,2026-09-17
"The account dashboard shows my spending in a useful and clear way.",Mobile app,2026-09-16
"My loan payment was applied to the wrong account and it is not fixed yet.",Phone support,2026-09-15
"The service at my local branch is usually consistent and professional.",Branch,2026-09-14
